URL,Full Page Screenshot,Viewport Screenshot,AI Analysis,Custom AI Image
https://theexpertways.com/,screenshots/theexpertways/home_full_1752068002.jpg,screenshots/theexpertways/home_viewport_1752068002.jpg,,
https://muneeb.theexpertways.com/,screenshots/muneeb/home_full_1752068092.jpg,screenshots/muneeb/home_viewport_1752068092.jpg,,
https://hereisfarid.com/,screenshots/hereisfarid/home_full_1752068193.jpg,screenshots/hereisfarid/home_viewport_1752068193.jpg,,
https://www.nationalbonsairegistry.com/,screenshots/nationalbonsairegistry/home_full_1752068262.jpg,screenshots/nationalbonsairegistry/home_viewport_1752068262.jpg,,
https://www.nationalbonsairegistry.com/about-us,screenshots/nationalbonsairegistry/about_us_full_1752068285.jpg,screenshots/nationalbonsairegistry/about_us_viewport_1752068285.jpg,,
https://www.nationalbonsairegistry.com/register/tree,screenshots/nationalbonsairegistry/tree_full_1752068308.jpg,screenshots/nationalbonsairegistry/tree_viewport_1752068308.jpg,,
https://www.nationalbonsairegistry.com/marketplace,screenshots/nationalbonsairegistry/marketplace_full_1752068326.jpg,screenshots/nationalbonsairegistry/marketplace_viewport_1752068326.jpg,,
https://www.nationalbonsairegistry.com/events,screenshots/nationalbonsairegistry/events_full_1752068349.jpg,screenshots/nationalbonsairegistry/events_viewport_1752068349.jpg,,
https://www.nationalbonsairegistry.com/events/gallery,screenshots/nationalbonsairegistry/gallery_full_1752068365.jpg,screenshots/nationalbonsairegistry/gallery_viewport_1752068365.jpg,,
https://www.nationalbonsairegistry.com/lost-found,screenshots/nationalbonsairegistry/lost_found_full_1752068380.jpg,screenshots/nationalbonsairegistry/lost_found_viewport_1752068380.jpg,,
https://www.nationalbonsairegistry.com/login,screenshots/nationalbonsairegistry/login_full_1752068396.jpg,screenshots/nationalbonsairegistry/login_viewport_1752068396.jpg,,
https://www.nationalbonsairegistry.com/product/detail/cedar-forest,screenshots/nationalbonsairegistry/cedar_forest_full_1752068414.jpg,screenshots/nationalbonsairegistry/cedar_forest_viewport_1752068414.jpg,,
https://www.nationalbonsairegistry.com/product/detail/juniper-4WYw2Sba,screenshots/nationalbonsairegistry/juniper_4WYw2Sba_full_1752068435.jpg,screenshots/nationalbonsairegistry/juniper_4WYw2Sba_viewport_1752068435.jpg,,
https://www.nationalbonsairegistry.com/product/detail/cedar,screenshots/nationalbonsairegistry/cedar_full_1752068455.jpg,screenshots/nationalbonsairegistry/cedar_viewport_1752068455.jpg,,
https://www.nationalbonsairegistry.com/product/detail/juniper,screenshots/nationalbonsairegistry/juniper_full_1752068475.jpg,screenshots/nationalbonsairegistry/juniper_viewport_1752068475.jpg,,
https://www.nationalbonsairegistry.com/product/detail/hawthorn,screenshots/nationalbonsairegistry/hawthorn_full_1752068495.jpg,screenshots/nationalbonsairegistry/hawthorn_viewport_1752068495.jpg,,
https://www.nationalbonsairegistry.com/product/detail/cotoneaster,screenshots/nationalbonsairegistry/cotoneaster_full_1752068516.jpg,screenshots/nationalbonsairegistry/cotoneaster_viewport_1752068516.jpg,,
https://www.nationalbonsairegistry.com/contact-us,screenshots/nationalbonsairegistry/contact_us_full_1752068536.jpg,screenshots/nationalbonsairegistry/contact_us_viewport_1752068536.jpg,,
https://www.nationalbonsairegistry.com/terms-conditions,screenshots/nationalbonsairegistry/terms_conditions_full_1752068553.jpg,screenshots/nationalbonsairegistry/terms_conditions_viewport_1752068553.jpg,,
https://www.nationalbonsairegistry.com/privacy-policy,screenshots/nationalbonsairegistry/privacy_policy_full_1752068572.jpg,screenshots/nationalbonsairegistry/privacy_policy_viewport_1752068572.jpg,,
https://www.nationalbonsairegistry.com/faq,screenshots/nationalbonsairegistry/faq_full_1752068590.jpg,screenshots/nationalbonsairegistry/faq_viewport_1752068590.jpg,,
https://www.nationalbonsairegistry.com/checkout,screenshots/nationalbonsairegistry/checkout_full_1752068608.jpg,screenshots/nationalbonsairegistry/checkout_viewport_1752068608.jpg,,
https://blueriveranalytics.com/,screenshots/blueriveranalytics/home_full_1752068689.jpg,screenshots/blueriveranalytics/home_viewport_1752068689.jpg,,
https://blueriveranalytics.com/spotfire-consulting/,screenshots/blueriveranalytics/spotfire_consulting_full_1752068730.jpg,screenshots/blueriveranalytics/spotfire_consulting_viewport_1752068730.jpg,,
https://blueriveranalytics.com/spotfire-training/,screenshots/blueriveranalytics/spotfire_training_full_1752068762.jpg,screenshots/blueriveranalytics/spotfire_training_viewport_1752068762.jpg,,
https://blueriveranalytics.com/data-governance/,screenshots/blueriveranalytics/data_governance_full_1752068789.jpg,screenshots/blueriveranalytics/data_governance_viewport_1752068789.jpg,,
https://blueriveranalytics.com/dxp-documenter/,screenshots/blueriveranalytics/dxp_documenter_full_1752068819.jpg,screenshots/blueriveranalytics/dxp_documenter_viewport_1752068819.jpg,,
https://blueriveranalytics.com/analytics-for-energy/,screenshots/blueriveranalytics/analytics_for_energy_full_1752068847.jpg,screenshots/blueriveranalytics/analytics_for_energy_viewport_1752068847.jpg,,
https://blueriveranalytics.com/loe-loss-analysis/,screenshots/blueriveranalytics/loe_loss_analysis_full_1752068877.jpg,screenshots/blueriveranalytics/loe_loss_analysis_viewport_1752068877.jpg,,
https://blueriveranalytics.com/our-story/,screenshots/blueriveranalytics/our_story_full_1752068905.jpg,screenshots/blueriveranalytics/our_story_viewport_1752068905.jpg,,
https://blueriveranalytics.com/contact-us/,screenshots/blueriveranalytics/contact_us_full_1752068934.jpg,screenshots/blueriveranalytics/contact_us_viewport_1752068934.jpg,,
https://blueriveranalytics.com/10k-challenge/,screenshots/blueriveranalytics/10k_challenge_full_1752068956.jpg,screenshots/blueriveranalytics/10k_challenge_viewport_1752068956.jpg,,
https://blueriveranalytics.com/loe-loss-analysis,screenshots/blueriveranalytics/loe_loss_analysis_full_1752068986.jpg,screenshots/blueriveranalytics/loe_loss_analysis_viewport_1752068986.jpg,,
https://blueriveranalytics.com/tech-we-support/,screenshots/blueriveranalytics/tech_we_support_full_1752069017.jpg,screenshots/blueriveranalytics/tech_we_support_viewport_1752069017.jpg,,
https://blueriveranalytics.com/privacy-policy/,screenshots/blueriveranalytics/privacy_policy_full_1752069037.jpg,screenshots/blueriveranalytics/privacy_policy_viewport_1752069037.jpg,,
https://blueriveranalytics.com/terms-and-conditions/,screenshots/blueriveranalytics/terms_and_conditions_full_1752069059.jpg,screenshots/blueriveranalytics/terms_and_conditions_viewport_1752069059.jpg,,
http://www.northsacchamber.org/,screenshots/northsacchamber/home_full_1752069131.jpg,screenshots/northsacchamber/home_viewport_1752069131.jpg,,
http://www.northsacchamber.org//resources,screenshots/northsacchamber/resources_full_1752069152.jpg,screenshots/northsacchamber/resources_viewport_1752069152.jpg,,
http://www.northsacchamber.org//giving-back,screenshots/northsacchamber/giving_back_full_1752069168.jpg,screenshots/northsacchamber/giving_back_viewport_1752069168.jpg,,
http://www.northsacchamber.org//membership,screenshots/northsacchamber/membership_full_1752069185.jpg,screenshots/northsacchamber/membership_viewport_1752069185.jpg,,
https://blueriveranalytics.com/,screenshots/blueriveranalytics/home_full_1752069261.jpg,screenshots/blueriveranalytics/home_viewport_1752069261.jpg,,
https://blueriveranalytics.com/spotfire-consulting/,screenshots/blueriveranalytics/spotfire_consulting_full_1752069288.jpg,screenshots/blueriveranalytics/spotfire_consulting_viewport_1752069288.jpg,,
https://blueriveranalytics.com/spotfire-training/,screenshots/blueriveranalytics/spotfire_training_full_1752069315.jpg,screenshots/blueriveranalytics/spotfire_training_viewport_1752069315.jpg,,
https://blueriveranalytics.com/data-governance/,screenshots/blueriveranalytics/data_governance_full_1752069340.jpg,screenshots/blueriveranalytics/data_governance_viewport_1752069340.jpg,,
https://blueriveranalytics.com/dxp-documenter/,screenshots/blueriveranalytics/dxp_documenter_full_1752069369.jpg,screenshots/blueriveranalytics/dxp_documenter_viewport_1752069369.jpg,,
https://blueriveranalytics.com/analytics-for-energy/,screenshots/blueriveranalytics/analytics_for_energy_full_1752069396.jpg,screenshots/blueriveranalytics/analytics_for_energy_viewport_1752069396.jpg,,
https://blueriveranalytics.com/loe-loss-analysis/,screenshots/blueriveranalytics/loe_loss_analysis_full_1752069441.jpg,screenshots/blueriveranalytics/loe_loss_analysis_viewport_1752069441.jpg,,
https://blueriveranalytics.com/our-story/,screenshots/blueriveranalytics/our_story_full_1752069470.jpg,screenshots/blueriveranalytics/our_story_viewport_1752069470.jpg,,
https://blueriveranalytics.com/contact-us/,screenshots/blueriveranalytics/contact_us_full_1752069497.jpg,screenshots/blueriveranalytics/contact_us_viewport_1752069497.jpg,,
https://blueriveranalytics.com/10k-challenge/,screenshots/blueriveranalytics/10k_challenge_full_1752069519.jpg,screenshots/blueriveranalytics/10k_challenge_viewport_1752069519.jpg,,
https://blueriveranalytics.com/loe-loss-analysis,screenshots/blueriveranalytics/loe_loss_analysis_full_1752069548.jpg,screenshots/blueriveranalytics/loe_loss_analysis_viewport_1752069548.jpg,,
https://blueriveranalytics.com/tech-we-support/,screenshots/blueriveranalytics/tech_we_support_full_1752069572.jpg,screenshots/blueriveranalytics/tech_we_support_viewport_1752069572.jpg,,
https://blueriveranalytics.com/privacy-policy/,screenshots/blueriveranalytics/privacy_policy_full_1752069592.jpg,screenshots/blueriveranalytics/privacy_policy_viewport_1752069592.jpg,,
https://blueriveranalytics.com/terms-and-conditions/,screenshots/blueriveranalytics/terms_and_conditions_full_1752069613.jpg,screenshots/blueriveranalytics/terms_and_conditions_viewport_1752069613.jpg,,
https://differentialdiagnosis.net/,screenshots/differentialdiagnosis/home_full_1752069717.jpg,screenshots/differentialdiagnosis/home_viewport_1752069717.jpg,,
https://differentialdiagnosis.net/about-us/,screenshots/differentialdiagnosis/about_us_full_1752069753.jpg,screenshots/differentialdiagnosis/about_us_viewport_1752069753.jpg,,
https://differentialdiagnosis.net/class/usmle-preparation-for-medical-school/,screenshots/differentialdiagnosis/usmle_preparation_for_medical_school_full_1752069786.jpg,screenshots/differentialdiagnosis/usmle_preparation_for_medical_school_viewport_1752069786.jpg,,
https://differentialdiagnosis.net/class/medical-students/,screenshots/differentialdiagnosis/medical_students_full_1752069817.jpg,screenshots/differentialdiagnosis/medical_students_viewport_1752069817.jpg,,
https://differentialdiagnosis.net/class/medical-students-3-4-year/,screenshots/differentialdiagnosis/medical_students_3_4_year_full_1752069848.jpg,screenshots/differentialdiagnosis/medical_students_3_4_year_viewport_1752069848.jpg,,
https://differentialdiagnosis.net/class/usmle-ecfmg-registration/,screenshots/differentialdiagnosis/usmle_ecfmg_registration_full_1752069891.jpg,screenshots/differentialdiagnosis/usmle_ecfmg_registration_viewport_1752069891.jpg,,
https://differentialdiagnosis.net/class/usmle-step-one/,screenshots/differentialdiagnosis/usmle_step_one_full_1752069919.jpg,screenshots/differentialdiagnosis/usmle_step_one_viewport_1752069919.jpg,,
https://differentialdiagnosis.net/class/usmle-step-two-ck-clinical-knowledge/,screenshots/differentialdiagnosis/usmle_step_two_ck_clinical_knowledge_full_1752069961.jpg,screenshots/differentialdiagnosis/usmle_step_two_ck_clinical_knowledge_viewport_1752069961.jpg,,
https://differentialdiagnosis.net/class/usmle-step-3-exam/,screenshots/differentialdiagnosis/usmle_step_3_exam_full_1752069990.jpg,screenshots/differentialdiagnosis/usmle_step_3_exam_viewport_1752069990.jpg,,
https://differentialdiagnosis.net//residency-in-usa/,screenshots/differentialdiagnosis/residency_in_usa_full_1752070012.jpg,screenshots/differentialdiagnosis/residency_in_usa_viewport_1752070012.jpg,,
https://differentialdiagnosis.net/class/residency-interview/,screenshots/differentialdiagnosis/residency_interview_full_1752070036.jpg,screenshots/differentialdiagnosis/residency_interview_viewport_1752070036.jpg,,
https://differentialdiagnosis.net/class/eras-personal-statement/,screenshots/differentialdiagnosis/eras_personal_statement_full_1752070066.jpg,screenshots/differentialdiagnosis/eras_personal_statement_viewport_1752070066.jpg,,
https://differentialdiagnosis.net/class/clinical-rotation/,screenshots/differentialdiagnosis/clinical_rotation_full_1752070092.jpg,screenshots/differentialdiagnosis/clinical_rotation_viewport_1752070092.jpg,,
https://differentialdiagnosis.net/class/research/,screenshots/differentialdiagnosis/research_full_1752070117.jpg,screenshots/differentialdiagnosis/research_viewport_1752070117.jpg,,
https://differentialdiagnosis.net/class/internal-medicine-resident/,screenshots/differentialdiagnosis/internal_medicine_resident_full_1752070155.jpg,screenshots/differentialdiagnosis/internal_medicine_resident_viewport_1752070155.jpg,,
https://differentialdiagnosis.net/class/internal-medicine-board-review/,screenshots/differentialdiagnosis/internal_medicine_board_review_full_1752070192.jpg,screenshots/differentialdiagnosis/internal_medicine_board_review_viewport_1752070192.jpg,,
https://differentialdiagnosis.net/class/hospitalist-medicine/,screenshots/differentialdiagnosis/hospitalist_medicine_full_1752070219.jpg,screenshots/differentialdiagnosis/hospitalist_medicine_viewport_1752070219.jpg,,
https://differentialdiagnosis.net/class/physician-assistant-np/,screenshots/differentialdiagnosis/physician_assistant_np_full_1752070256.jpg,screenshots/differentialdiagnosis/physician_assistant_np_viewport_1752070256.jpg,,
https://differentialdiagnosis.net/careers/,screenshots/differentialdiagnosis/careers_full_1752070285.jpg,screenshots/differentialdiagnosis/careers_viewport_1752070285.jpg,,
https://differentialdiagnosis.net/contact/,screenshots/differentialdiagnosis/contact_full_1752070306.jpg,screenshots/differentialdiagnosis/contact_viewport_1752070306.jpg,,
https://differentialdiagnosis.net/cart/,screenshots/differentialdiagnosis/cart_full_1752070327.jpg,screenshots/differentialdiagnosis/cart_viewport_1752070327.jpg,,
https://differentialdiagnosis.net/class/usmle-step-1-and-step-2-ck-preparation/,screenshots/differentialdiagnosis/usmle_step_1_and_step_2_ck_preparation_full_1752070350.jpg,screenshots/differentialdiagnosis/usmle_step_1_and_step_2_ck_preparation_viewport_1752070350.jpg,,
https://differentialdiagnosis.net//class/medical-students/,screenshots/differentialdiagnosis/medical_students_full_1752070381.jpg,screenshots/differentialdiagnosis/medical_students_viewport_1752070381.jpg,,
https://differentialdiagnosis.net//dashboard,screenshots/differentialdiagnosis/dashboard_full_1752070408.jpg,screenshots/differentialdiagnosis/dashboard_viewport_1752070408.jpg,,
https://differentialdiagnosis.net//contact/,screenshots/differentialdiagnosis/contact_full_1752070425.jpg,screenshots/differentialdiagnosis/contact_viewport_1752070425.jpg,,
https://differentialdiagnosis.net//class/usmle-preparation-for-medical-school/,screenshots/differentialdiagnosis/usmle_preparation_for_medical_school_full_1752070452.jpg,screenshots/differentialdiagnosis/usmle_preparation_for_medical_school_viewport_1752070452.jpg,,
https://differentialdiagnosis.net//class/usmle-step-one/,screenshots/differentialdiagnosis/usmle_step_one_full_1752070483.jpg,screenshots/differentialdiagnosis/usmle_step_one_viewport_1752070483.jpg,,
https://differentialdiagnosis.net//class/usmle-step-two-ck-clinical-knowledge/,screenshots/differentialdiagnosis/usmle_step_two_ck_clinical_knowledge_full_1752070513.jpg,screenshots/differentialdiagnosis/usmle_step_two_ck_clinical_knowledge_viewport_1752070513.jpg,,
https://differentialdiagnosis.net//class/eras-personal-statement/,screenshots/differentialdiagnosis/eras_personal_statement_full_1752070546.jpg,screenshots/differentialdiagnosis/eras_personal_statement_viewport_1752070546.jpg,,
https://differentialdiagnosis.net//class/clinical-rotation/,screenshots/differentialdiagnosis/clinical_rotation_full_1752070573.jpg,screenshots/differentialdiagnosis/clinical_rotation_viewport_1752070573.jpg,,
https://differentialdiagnosis.net//class/research/,screenshots/differentialdiagnosis/research_full_1752070597.jpg,screenshots/differentialdiagnosis/research_viewport_1752070597.jpg,,
https://differentialdiagnosis.net//class/internal-medicine-resident/,screenshots/differentialdiagnosis/internal_medicine_resident_full_1752070635.jpg,screenshots/differentialdiagnosis/internal_medicine_resident_viewport_1752070635.jpg,,
https://differentialdiagnosis.net//class/hospitalist-medicine/,screenshots/differentialdiagnosis/hospitalist_medicine_full_1752070668.jpg,screenshots/differentialdiagnosis/hospitalist_medicine_viewport_1752070668.jpg,,
https://differentialdiagnosis.net//class/physician-assistant-np/,screenshots/differentialdiagnosis/physician_assistant_np_full_1752070700.jpg,screenshots/differentialdiagnosis/physician_assistant_np_viewport_1752070700.jpg,,
https://differentialdiagnosis.net//courses,screenshots/differentialdiagnosis/courses_full_1752070729.jpg,screenshots/differentialdiagnosis/courses_viewport_1752070729.jpg,,
https://differentialdiagnosis.net//lms-courses/internal-medicine-reside-free/,screenshots/differentialdiagnosis/internal_medicine_reside_free_full_1752070752.jpg,screenshots/differentialdiagnosis/internal_medicine_reside_free_viewport_1752070752.jpg,,
https://differentialdiagnosis.net//lms-courses/internal-medicine-reside-monthly-subscription/,screenshots/differentialdiagnosis/internal_medicine_reside_monthly_subscription_full_1752070774.jpg,screenshots/differentialdiagnosis/internal_medicine_reside_monthly_subscription_viewport_1752070774.jpg,,
https://differentialdiagnosis.net//lms-courses/internal-medicine-resident-3-months-subscription/,screenshots/differentialdiagnosis/internal_medicine_resident_3_months_subscription_full_1752070804.jpg,screenshots/differentialdiagnosis/internal_medicine_resident_3_months_subscription_viewport_1752070804.jpg,,
https://differentialdiagnosis.net//lms-courses/internal-medicine-resident-6-months-subscription/,screenshots/differentialdiagnosis/internal_medicine_resident_6_months_subscription_full_1752070831.jpg,screenshots/differentialdiagnosis/internal_medicine_resident_6_months_subscription_viewport_1752070831.jpg,,
https://differentialdiagnosis.net//lms-courses/internal-medicine-resident-12-months-subscription/,screenshots/differentialdiagnosis/internal_medicine_resident_12_months_subscription_full_1752070854.jpg,screenshots/differentialdiagnosis/internal_medicine_resident_12_months_subscription_viewport_1752070854.jpg,,
https://differentialdiagnosis.net/blog/usmle-step-1-eligibility-and-cost-for-pakistani-medical-students/,screenshots/differentialdiagnosis/usmle_step_1_eligibility_and_cost_for_pakistani_medical_students_full_1752070874.jpg,screenshots/differentialdiagnosis/usmle_step_1_eligibility_and_cost_for_pakistani_medical_students_viewport_1752070874.jpg,,
https://differentialdiagnosis.net/blog/unlock-global-practice-countries-accepting-usmle-step-1/,screenshots/differentialdiagnosis/unlock_global_practice_countries_accepting_usmle_step_1_full_1752070900.jpg,screenshots/differentialdiagnosis/unlock_global_practice_countries_accepting_usmle_step_1_viewport_1752070900.jpg,,
https://differentialdiagnosis.net/blog/tips-for-affording-usmle-transcript-submission-on-eras/,screenshots/differentialdiagnosis/tips_for_affording_usmle_transcript_submission_on_eras_full_1752070936.jpg,screenshots/differentialdiagnosis/tips_for_affording_usmle_transcript_submission_on_eras_viewport_1752070936.jpg,,
https://differentialdiagnosis.net/blog/,screenshots/differentialdiagnosis/blog_full_1752070962.jpg,screenshots/differentialdiagnosis/blog_viewport_1752070962.jpg,,
https://differentialdiagnosis.net/courses/,screenshots/differentialdiagnosis/courses_full_1752070997.jpg,screenshots/differentialdiagnosis/courses_viewport_1752070997.jpg,,
https://differentialdiagnosis.net/residency-in-usa/,screenshots/differentialdiagnosis/residency_in_usa_full_1752071022.jpg,screenshots/differentialdiagnosis/residency_in_usa_viewport_1752071022.jpg,,
https://differentialdiagnosis.net/?page_id=1904,screenshots/differentialdiagnosis/home_full_1752071049.jpg,screenshots/differentialdiagnosis/home_viewport_1752071049.jpg,,
https://differentialdiagnosis.net/sitemap/,screenshots/differentialdiagnosis/sitemap_full_1752071082.jpg,screenshots/differentialdiagnosis/sitemap_viewport_1752071082.jpg,,
https://borahteamwear.com/,screenshots/borahteamwear/home_full_1752071160.jpg,screenshots/borahteamwear/home_viewport_1752071160.jpg,,
https://borahteamwear.com/sport/cycling/,screenshots/borahteamwear/cycling_full_1752071179.jpg,screenshots/borahteamwear/cycling_viewport_1752071179.jpg,,
https://borahteamwear.com/sport/cycling/mens-cycling/,screenshots/borahteamwear/mens_cycling_full_1752071202.jpg,screenshots/borahteamwear/mens_cycling_viewport_1752071202.jpg,,
https://borahteamwear.com/sport/cycling/mens-cycling/mens-cycling-jerseys/,screenshots/borahteamwear/mens_cycling_jerseys_full_1752071222.jpg,screenshots/borahteamwear/mens_cycling_jerseys_viewport_1752071222.jpg,,
https://borahteamwear.com/sport/cycling/mens-cycling/mens-bibs/,screenshots/borahteamwear/mens_bibs_full_1752071241.jpg,screenshots/borahteamwear/mens_bibs_viewport_1752071241.jpg,,
https://borahteamwear.com/sport/cycling/skinsuits/,screenshots/borahteamwear/skinsuits_full_1752071260.jpg,screenshots/borahteamwear/skinsuits_viewport_1752071260.jpg,,
https://borahteamwear.com/sport/cycling/cycling-outerwear/,screenshots/borahteamwear/cycling_outerwear_full_1752071277.jpg,screenshots/borahteamwear/cycling_outerwear_viewport_1752071277.jpg,,
https://borahteamwear.com/sport/cycling/cycling-accessories/,screenshots/borahteamwear/cycling_accessories_full_1752071297.jpg,screenshots/borahteamwear/cycling_accessories_viewport_1752071297.jpg,,
https://borahteamwear.com/sport/cycling/mens-cycling/mens-casual/,screenshots/borahteamwear/mens_casual_full_1752071316.jpg,screenshots/borahteamwear/mens_casual_viewport_1752071316.jpg,,
https://borahteamwear.com/sport/cycling/womens-cycling/,screenshots/borahteamwear/womens_cycling_full_1752071335.jpg,screenshots/borahteamwear/womens_cycling_viewport_1752071335.jpg,,
https://borahteamwear.com/sport/cycling/womens-cycling/womens-cycling-jerseys/,screenshots/borahteamwear/womens_cycling_jerseys_full_1752071355.jpg,screenshots/borahteamwear/womens_cycling_jerseys_viewport_1752071355.jpg,,
https://borahteamwear.com/sport/cycling/womens-cycling/womens-bibs/,screenshots/borahteamwear/womens_bibs_full_1752071375.jpg,screenshots/borahteamwear/womens_bibs_viewport_1752071375.jpg,,
https://borahteamwear.com/sport/cycling/womens-cycling/womens-cycling-casual/,screenshots/borahteamwear/womens_cycling_casual_full_1752071393.jpg,screenshots/borahteamwear/womens_cycling_casual_viewport_1752071393.jpg,,
https://borahteamwear.com/sport/cycling/youth-cycling/youth-cycling-jerseys/,screenshots/borahteamwear/youth_cycling_jerseys_full_1752071412.jpg,screenshots/borahteamwear/youth_cycling_jerseys_viewport_1752071412.jpg,,
https://borahteamwear.com/sport/cycling/youth-cycling/youth-bibs/,screenshots/borahteamwear/youth_bibs_full_1752071430.jpg,screenshots/borahteamwear/youth_bibs_viewport_1752071430.jpg,,
https://borahteamwear.com/sport/cycling/cycling-collections/,screenshots/borahteamwear/cycling_collections_full_1752071449.jpg,screenshots/borahteamwear/cycling_collections_viewport_1752071449.jpg,,
https://borahteamwear.com/sport/cycling/cycling-collections/all-cycling/,screenshots/borahteamwear/all_cycling_full_1752071469.jpg,screenshots/borahteamwear/all_cycling_viewport_1752071469.jpg,,
https://borahteamwear.com/sport/cycling/cycling-collections/nica/,screenshots/borahteamwear/nica_full_1752071490.jpg,screenshots/borahteamwear/nica_viewport_1752071490.jpg,,
https://borahteamwear.com/sport/cycling/cycling-collections/mtb-cycling-collections/,screenshots/borahteamwear/mtb_cycling_collections_full_1752071509.jpg,screenshots/borahteamwear/mtb_cycling_collections_viewport_1752071509.jpg,,
https://borahteamwear.com/sport/cycling/cycling-collections/road/,screenshots/borahteamwear/road_full_1752071529.jpg,screenshots/borahteamwear/road_viewport_1752071529.jpg,,
https://borahteamwear.com/sport/cycling/cycling-collections/gravel/,screenshots/borahteamwear/gravel_full_1752071549.jpg,screenshots/borahteamwear/gravel_viewport_1752071549.jpg,,
https://borahteamwear.com/sport/cycling/cycling-collections/events-charity-rides/,screenshots/borahteamwear/events_charity_rides_full_1752071569.jpg,screenshots/borahteamwear/events_charity_rides_viewport_1752071569.jpg,,
https://borahteamwear.com/sport/cycling/cycling-collections/cool-weather/,screenshots/borahteamwear/cool_weather_full_1752071587.jpg,screenshots/borahteamwear/cool_weather_viewport_1752071587.jpg,,
https://borahteamwear.com/contact-us/,screenshots/borahteamwear/contact_us_full_1752071608.jpg,screenshots/borahteamwear/contact_us_viewport_1752071608.jpg,,
https://borahteamwear.com/pricing/cycling-pricing/,screenshots/borahteamwear/cycling_pricing_full_1752071628.jpg,screenshots/borahteamwear/cycling_pricing_viewport_1752071628.jpg,,
https://borahteamwear.com/sizing/cycling-sizing/,screenshots/borahteamwear/cycling_sizing_full_1752071649.jpg,screenshots/borahteamwear/cycling_sizing_viewport_1752071649.jpg,,
https://borahteamwear.com/design-templates/,screenshots/borahteamwear/design_templates_full_1752071668.jpg,screenshots/borahteamwear/design_templates_viewport_1752071668.jpg,,
https://borahteamwear.com/inspiration-gallery/,screenshots/borahteamwear/inspiration_gallery_full_1752071687.jpg,screenshots/borahteamwear/inspiration_gallery_viewport_1752071687.jpg,,
https://borahteamwear.com/team-stores/,screenshots/borahteamwear/team_stores_full_1752071707.jpg,screenshots/borahteamwear/team_stores_viewport_1752071707.jpg,,
https://borahteamwear.com/nica/,screenshots/borahteamwear/nica_full_1752071727.jpg,screenshots/borahteamwear/nica_viewport_1752071727.jpg,,
https://borahteamwear.com/sport/nordic/,screenshots/borahteamwear/nordic_full_1752071747.jpg,screenshots/borahteamwear/nordic_viewport_1752071747.jpg,,
https://borahteamwear.com/sport/nordic/mens-nordic/,screenshots/borahteamwear/mens_nordic_full_1752071767.jpg,screenshots/borahteamwear/mens_nordic_viewport_1752071767.jpg,,
https://borahteamwear.com/sport/nordic/mens-nordic/mens-nordic-race-suits/,screenshots/borahteamwear/mens_nordic_race_suits_full_1752071788.jpg,screenshots/borahteamwear/mens_nordic_race_suits_viewport_1752071788.jpg,,
https://borahteamwear.com/sport/nordic/nordic-race-bibs/,screenshots/borahteamwear/nordic_race_bibs_full_1752071807.jpg,screenshots/borahteamwear/nordic_race_bibs_viewport_1752071807.jpg,,
https://borahteamwear.com/sport/nordic/mens-nordic/mens-nordic-outerwear/,screenshots/borahteamwear/mens_nordic_outerwear_full_1752071828.jpg,screenshots/borahteamwear/mens_nordic_outerwear_viewport_1752071828.jpg,,
https://borahteamwear.com/sport/nordic/nordic-accessories/,screenshots/borahteamwear/nordic_accessories_full_1752071846.jpg,screenshots/borahteamwear/nordic_accessories_viewport_1752071846.jpg,,
https://borahteamwear.com/sport/nordic/mens-nordic/mens-nordic-casual/,screenshots/borahteamwear/mens_nordic_casual_full_1752071864.jpg,screenshots/borahteamwear/mens_nordic_casual_viewport_1752071864.jpg,,
https://borahteamwear.com/sport/nordic/womens-nordic/,screenshots/borahteamwear/womens_nordic_full_1752071883.jpg,screenshots/borahteamwear/womens_nordic_viewport_1752071883.jpg,,
https://borahteamwear.com/sport/nordic/womens-nordic/womens-nordic-race-suits/,screenshots/borahteamwear/womens_nordic_race_suits_full_1752071903.jpg,screenshots/borahteamwear/womens_nordic_race_suits_viewport_1752071903.jpg,,
https://borahteamwear.com/sport/nordic/womens-nordic/womens-nordic-outerwear/,screenshots/borahteamwear/womens_nordic_outerwear_full_1752071922.jpg,screenshots/borahteamwear/womens_nordic_outerwear_viewport_1752071922.jpg,,
https://borahteamwear.com/sport/nordic/womens-nordic/womens-nordic-casual/,screenshots/borahteamwear/womens_nordic_casual_full_1752071942.jpg,screenshots/borahteamwear/womens_nordic_casual_viewport_1752071942.jpg,,
https://borahteamwear.com/sport/nordic/youth-nordic/,screenshots/borahteamwear/youth_nordic_full_1752071960.jpg,screenshots/borahteamwear/youth_nordic_viewport_1752071960.jpg,,
https://borahteamwear.com/sport/nordic/youth-nordic/youth-nordic-race-suits/,screenshots/borahteamwear/youth_nordic_race_suits_full_1752071979.jpg,screenshots/borahteamwear/youth_nordic_race_suits_viewport_1752071979.jpg,,
https://borahteamwear.com/sport/nordic/youth-nordic/youth-outerwear/,screenshots/borahteamwear/youth_outerwear_full_1752071997.jpg,screenshots/borahteamwear/youth_outerwear_viewport_1752071997.jpg,,
https://borahteamwear.com/sport/nordic/nordic-collections/,screenshots/borahteamwear/nordic_collections_full_1752072014.jpg,screenshots/borahteamwear/nordic_collections_viewport_1752072014.jpg,,
https://borahteamwear.com/sport/nordic/nordic-collections/all-nordic/,screenshots/borahteamwear/all_nordic_full_1752072035.jpg,screenshots/borahteamwear/all_nordic_viewport_1752072035.jpg,,
https://borahteamwear.com/nordic-colorizer/,screenshots/borahteamwear/nordic_colorizer_full_1752072056.jpg,screenshots/borahteamwear/nordic_colorizer_viewport_1752072056.jpg,,
https://borahteamwear.com/sport/nordic/nordic-collections/nordic-premium-race/,screenshots/borahteamwear/nordic_premium_race_full_1752072074.jpg,screenshots/borahteamwear/nordic_premium_race_viewport_1752072074.jpg,,
https://borahteamwear.com/sport/nordic/nordic-collections/nordic-high-school-clubs/,screenshots/borahteamwear/nordic_high_school_clubs_full_1752072092.jpg,screenshots/borahteamwear/nordic_high_school_clubs_viewport_1752072092.jpg,,
https://borahteamwear.com/pricing/nordic-pricing/,screenshots/borahteamwear/nordic_pricing_full_1752072109.jpg,screenshots/borahteamwear/nordic_pricing_viewport_1752072109.jpg,,
https://borahteamwear.com/sizing/nordic-sizing/,screenshots/borahteamwear/nordic_sizing_full_1752072128.jpg,screenshots/borahteamwear/nordic_sizing_viewport_1752072128.jpg,,
https://borahteamwear.com/sport/alpine/,screenshots/borahteamwear/alpine_full_1752072147.jpg,screenshots/borahteamwear/alpine_viewport_1752072147.jpg,,
https://borahteamwear.com/sport/alpine/alpine-collections/all-alpine/,screenshots/borahteamwear/all_alpine_full_1752072167.jpg,screenshots/borahteamwear/all_alpine_viewport_1752072167.jpg,,
https://borahteamwear.com/sport/alpine/race-suits/,screenshots/borahteamwear/race_suits_full_1752072186.jpg,screenshots/borahteamwear/race_suits_viewport_1752072186.jpg,,
https://borahteamwear.com/sport/alpine/alpine-race-bibs/,screenshots/borahteamwear/alpine_race_bibs_full_1752072203.jpg,screenshots/borahteamwear/alpine_race_bibs_viewport_1752072203.jpg,,
https://borahteamwear.com/sport/alpine/alpine-accessories/,screenshots/borahteamwear/alpine_accessories_full_1752072221.jpg,screenshots/borahteamwear/alpine_accessories_viewport_1752072221.jpg,,
https://borahteamwear.com/sport/alpine/alpine-casual-wear/,screenshots/borahteamwear/alpine_casual_wear_full_1752072239.jpg,screenshots/borahteamwear/alpine_casual_wear_viewport_1752072239.jpg,,
https://borahteamwear.com/alpine-colorizer/,screenshots/borahteamwear/alpine_colorizer_full_1752072258.jpg,screenshots/borahteamwear/alpine_colorizer_viewport_1752072258.jpg,,
https://borahteamwear.com/pricing/alpine-pricing/,screenshots/borahteamwear/alpine_pricing_full_1752072278.jpg,screenshots/borahteamwear/alpine_pricing_viewport_1752072278.jpg,,
https://borahteamwear.com/sizing/alpine-sizing/,screenshots/borahteamwear/alpine_sizing_full_1752072296.jpg,screenshots/borahteamwear/alpine_sizing_viewport_1752072296.jpg,,
https://borahteamwear.com/sport/triathlon-running/,screenshots/borahteamwear/triathlon_running_full_1752072314.jpg,screenshots/borahteamwear/triathlon_running_viewport_1752072314.jpg,,
https://borahteamwear.com/sport/triathlon-running/mens-tri-run/,screenshots/borahteamwear/mens_tri_run_full_1752072334.jpg,screenshots/borahteamwear/mens_tri_run_viewport_1752072334.jpg,,
https://borahteamwear.com/sport/triathlon-running/mens-tri-run/mens-tri-run-tops/,screenshots/borahteamwear/mens_tri_run_tops_full_1752072352.jpg,screenshots/borahteamwear/mens_tri_run_tops_viewport_1752072352.jpg,,
https://borahteamwear.com/sport/triathlon-running/mens-tri-run/mens-tri-run-shorts/,screenshots/borahteamwear/mens_tri_run_shorts_full_1752072369.jpg,screenshots/borahteamwear/mens_tri_run_shorts_viewport_1752072369.jpg,,
https://borahteamwear.com/sport/triathlon-running/mens-tri-run/mens-tri-run-race-suits/,screenshots/borahteamwear/mens_tri_run_race_suits_full_1752072386.jpg,screenshots/borahteamwear/mens_tri_run_race_suits_viewport_1752072386.jpg,,
https://borahteamwear.com/sport/triathlon-running/tri-run-accessories/,screenshots/borahteamwear/tri_run_accessories_full_1752072403.jpg,screenshots/borahteamwear/tri_run_accessories_viewport_1752072403.jpg,,
https://borahteamwear.com/sport/triathlon-running/mens-tri-run/mens-tri-run-casual/,screenshots/borahteamwear/mens_tri_run_casual_full_1752072421.jpg,screenshots/borahteamwear/mens_tri_run_casual_viewport_1752072421.jpg,,
https://borahteamwear.com/sport/triathlon-running/womens-tri-run/,screenshots/borahteamwear/womens_tri_run_full_1752072439.jpg,screenshots/borahteamwear/womens_tri_run_viewport_1752072439.jpg,,
https://borahteamwear.com/sport/triathlon-running/womens-tri-run/womens-tri-run-tops/,screenshots/borahteamwear/womens_tri_run_tops_full_1752072457.jpg,screenshots/borahteamwear/womens_tri_run_tops_viewport_1752072457.jpg,,
https://borahteamwear.com/sport/triathlon-running/womens-tri-run/womens-tri-run-shorts/,screenshots/borahteamwear/womens_tri_run_shorts_full_1752072474.jpg,screenshots/borahteamwear/womens_tri_run_shorts_viewport_1752072474.jpg,,
https://borahteamwear.com/sport/triathlon-running/womens-tri-run/womens-tri-run-race-suits/,screenshots/borahteamwear/womens_tri_run_race_suits_full_1752072492.jpg,screenshots/borahteamwear/womens_tri_run_race_suits_viewport_1752072492.jpg,,
https://borahteamwear.com/sport/triathlon-running/womens-tri-run/womens-tri-run-casual/,screenshots/borahteamwear/womens_tri_run_casual_full_1752072509.jpg,screenshots/borahteamwear/womens_tri_run_casual_viewport_1752072509.jpg,,
https://borahteamwear.com/sport/triathlon-running/tri-run-collections/all-tri-run/,screenshots/borahteamwear/all_tri_run_full_1752072527.jpg,screenshots/borahteamwear/all_tri_run_viewport_1752072527.jpg,,
https://borahteamwear.com/sport/triathlon-running/tri-run-collections/triathlon/,screenshots/borahteamwear/triathlon_full_1752072546.jpg,screenshots/borahteamwear/triathlon_viewport_1752072546.jpg,,
https://borahteamwear.com/sport/triathlon-running/tri-run-collections/running/,screenshots/borahteamwear/running_full_1752072564.jpg,screenshots/borahteamwear/running_viewport_1752072564.jpg,,
https://borahteamwear.com/pricing/tri-run-pricing/,screenshots/borahteamwear/tri_run_pricing_full_1752072582.jpg,screenshots/borahteamwear/tri_run_pricing_viewport_1752072582.jpg,,
https://borahteamwear.com/sizing/tri-run-sizing/,screenshots/borahteamwear/tri_run_sizing_full_1752072600.jpg,screenshots/borahteamwear/tri_run_sizing_viewport_1752072600.jpg,,
https://borahteamwear.com/about/,screenshots/borahteamwear/about_full_1752072621.jpg,screenshots/borahteamwear/about_viewport_1752072621.jpg,,
https://borahteamwear.com/athletes-teams/,screenshots/borahteamwear/athletes_teams_full_1752072640.jpg,screenshots/borahteamwear/athletes_teams_viewport_1752072640.jpg,,
https://borahteamwear.com/testimonials/,screenshots/borahteamwear/testimonials_full_1752072661.jpg,screenshots/borahteamwear/testimonials_viewport_1752072661.jpg,,
https://borahteamwear.com/careers/,screenshots/borahteamwear/careers_full_1752072680.jpg,screenshots/borahteamwear/careers_viewport_1752072680.jpg,,
https://borahteamwear.com/blog/,screenshots/borahteamwear/blog_full_1752072699.jpg,screenshots/borahteamwear/blog_viewport_1752072699.jpg,,
https://borahteamwear.com/borah-one/,screenshots/borahteamwear/borah_one_full_1752072718.jpg,screenshots/borahteamwear/borah_one_viewport_1752072718.jpg,,
https://borahteamwear.com/borah-one/cycling/,screenshots/borahteamwear/cycling_full_1752072735.jpg,screenshots/borahteamwear/cycling_viewport_1752072735.jpg,,
https://borahteamwear.com/cart/,screenshots/borahteamwear/cart_full_1752072757.jpg,screenshots/borahteamwear/cart_viewport_1752072757.jpg,,
https://borahteamwear.com/get-started/,screenshots/borahteamwear/get_started_full_1752072774.jpg,screenshots/borahteamwear/get_started_viewport_1752072774.jpg,,
https://borahteamwear.com/pricing/,screenshots/borahteamwear/pricing_full_1752072792.jpg,screenshots/borahteamwear/pricing_viewport_1752072792.jpg,,
https://borahteamwear.com/sizing/,screenshots/borahteamwear/sizing_full_1752072809.jpg,screenshots/borahteamwear/sizing_viewport_1752072809.jpg,,
https://borahteamwear.com/collection-comparison/,screenshots/borahteamwear/collection_comparison_full_1752072826.jpg,screenshots/borahteamwear/collection_comparison_viewport_1752072826.jpg,,
https://borahteamwear.com/chamois-guide/,screenshots/borahteamwear/chamois_guide_full_1752072845.jpg,screenshots/borahteamwear/chamois_guide_viewport_1752072845.jpg,,
https://home.xchangeer.com/,screenshots/home/home_full_1752072928.jpg,screenshots/home/home_viewport_1752072928.jpg,,
https://home.xchangeer.com/policy/privacy-policy/11,screenshots/home/11_full_1752072957.jpg,screenshots/home/11_viewport_1752072957.jpg,,
https://home.xchangeer.com/policy/terms-of-service/12,screenshots/home/12_full_1752072972.jpg,screenshots/home/12_viewport_1752072972.jpg,,
https://home.xchangeer.com/policy/payment-policy/46,screenshots/home/46_full_1752072989.jpg,screenshots/home/46_viewport_1752072989.jpg,,
https://home.xchangeer.com/policy/company-rules/47,screenshots/home/47_full_1752073004.jpg,screenshots/home/47_viewport_1752073004.jpg,,
https://www.myyudy.gr/,screenshots/myyudy/home_full_1752073062.jpg,screenshots/myyudy/home_viewport_1752073062.jpg,,
https://www.podstarz.net/,screenshots/podstarz/home_full_1752073117.jpg,screenshots/podstarz/home_viewport_1752073117.jpg,,
https://firstapprovalsource.com/,screenshots/firstapprovalsource/home_full_1752073175.jpg,screenshots/firstapprovalsource/home_viewport_1752073175.jpg,,
https://firstapprovalsource.com/contactus-2/,screenshots/firstapprovalsource/contactus_2_full_1752073193.jpg,screenshots/firstapprovalsource/contactus_2_viewport_1752073193.jpg,,
https://ido.utherverse.io/,screenshots/ido/home_full_1752077144.jpg,screenshots/ido/home_viewport_1752077144.jpg,,
https://app.getspaceshuttle.com/,screenshots/app/home_full_1752077288.jpg,screenshots/app/home_viewport_1752077288.jpg,,
https://hiringhelmet.com/,screenshots/hiringhelmet/home_full_1752077339.jpg,screenshots/hiringhelmet/home_viewport_1752077339.jpg,,
https://dealtodealer.com/,screenshots/dealtodealer/home_full_1752077395.jpg,screenshots/dealtodealer/home_viewport_1752077395.jpg,,
https://dealtodealer.com/terms-and-conditions,screenshots/dealtodealer/terms_and_conditions_full_1752077411.jpg,screenshots/dealtodealer/terms_and_conditions_viewport_1752077411.jpg,,
https://dealtodealer.com/privacy-policy,screenshots/dealtodealer/privacy_policy_full_1752077426.jpg,screenshots/dealtodealer/privacy_policy_viewport_1752077426.jpg,,
https://trilogyprojects.com.au,screenshots/trilogyprojects/home_full_1752077598.jpg,screenshots/trilogyprojects/home_viewport_1752077598.jpg,,
https://trilogyprojects.com.au?l=logo,screenshots/trilogyprojects/home_full_1752077611.jpg,screenshots/trilogyprojects/home_viewport_1752077611.jpg,,
https://trilogyprojects.com.au/?l=logo,screenshots/trilogyprojects/home_full_1752077634.jpg,screenshots/trilogyprojects/home_viewport_1752077634.jpg,,
https://trilogyprojects.com.au/about/,screenshots/trilogyprojects/about_full_1752077659.jpg,screenshots/trilogyprojects/about_viewport_1752077659.jpg,,
https://trilogyprojects.com.au/services/,screenshots/trilogyprojects/services_full_1752077675.jpg,screenshots/trilogyprojects/services_viewport_1752077675.jpg,,
https://trilogyprojects.com.au/contact/,screenshots/trilogyprojects/contact_full_1752077689.jpg,screenshots/trilogyprojects/contact_viewport_1752077689.jpg,,
https://trilogyprojects.com.au/projects/orchard/,screenshots/trilogyprojects/orchard_full_1752077705.jpg,screenshots/trilogyprojects/orchard_viewport_1752077705.jpg,,
https://trilogyprojects.com.au/projects/jasper/,screenshots/trilogyprojects/jasper_full_1752077732.jpg,screenshots/trilogyprojects/jasper_viewport_1752077732.jpg,,
https://trilogyprojects.com.au/projects/14-marion/,screenshots/trilogyprojects/14_marion_full_1752077750.jpg,screenshots/trilogyprojects/14_marion_viewport_1752077750.jpg,,
https://trilogyprojects.com.au/projects/shergis/,screenshots/trilogyprojects/shergis_full_1752077772.jpg,screenshots/trilogyprojects/shergis_viewport_1752077772.jpg,,
https://trilogyprojects.com.au/projects/amherst/,screenshots/trilogyprojects/amherst_full_1752077796.jpg,screenshots/trilogyprojects/amherst_viewport_1752077796.jpg,,
https://trilogyprojects.com.au/projects/61-hughes-3/,screenshots/trilogyprojects/61_hughes_3_full_1752077840.jpg,screenshots/trilogyprojects/61_hughes_3_viewport_1752077840.jpg,,
https://trilogyprojects.com.au/projects/prosser/,screenshots/trilogyprojects/prosser_full_1752077864.jpg,screenshots/trilogyprojects/prosser_viewport_1752077864.jpg,,
https://trilogyprojects.com.au/projects/hughes/,screenshots/trilogyprojects/hughes_full_1752077900.jpg,screenshots/trilogyprojects/hughes_viewport_1752077900.jpg,,
https://trilogyprojects.com.au/projects/61-hughes-2/,screenshots/trilogyprojects/61_hughes_2_full_1752077925.jpg,screenshots/trilogyprojects/61_hughes_2_viewport_1752077925.jpg,,
